[
  {
    "id": 1,
    "status": true,
    "type": "Notice",
    "subject": "New Feature Available",
    "description": "Check out the new feature we've added to the platform.",
    "action": "/wp-admin/admin.php?page=pathwise-badge-connect-feature",
    "created_date": "2023-12-01T12:00:00Z",
    "completed_date": null
  },
  {
    "id": 2,
    "status": true,
    "type": "Success",
    "subject": "Badge Synced",
    "description": "Your badges have been successfully synced.",
    "action": null,
    "created_date": "2023-12-02T08:00:00Z",
    "completed_date": null
  },
  {
    "id": 3,
    "status": true,
    "type": "Error",
    "subject": "Sync Failed",
    "description": "There was an error while syncing your badges.",
    "action": "/wp-admin/admin.php?page=pathwise-badge-connect-sync",
    "created_date": "2023-12-03T15:30:00Z",
    "completed_date": null
  },
  {
    "id": 4,
    "status": true,
    "type": "Warning",
    "subject": "Account Expiring",
    "description": "Your account is set to expire soon. Please renew your subscription.",
    "action": "/wp-admin/admin.php?page=pathwise-badge-connect-renew",
    "created_date": "2023-12-04T09:45:00Z",
    "completed_date": null
  }
]
